USE authorization;

INSERT INTO user_table
(name,email,phone,address,dob,username,password,role_type,user_id) VALUES
('Alice Johnson','alice.johnson@example.com','9876543210','12 Green St, Trivandrum','1998-04-15','alicej','$2a$10$byaqPjh8LeTSnrGIN/U/v.bfeMrLE6Mct4Kl8WeOsV7MAJc3QvLIG','Member',1),
('Bob Mathew','bob.mathew@example.com','9823456789','34 Lake Rd, Kochi','1995-07-20','bobm','$2a$10$tdifHh/X77WErepkG2Juv.cQE5xeeRE6LqmfxmOYBhftqIiiuDQ9q','Member',2),
('Clara Thomas','clara.thomas@example.com','9812345670','56 Hill View, Kollam','2000-02-05','clarat','$2a$10$o0O51xu8/rcjHARoGYfuGOXdA.qBeGbNHRzNjmLXGYAr4Ea7V5Q1.','Member',3),
('David Roy','david.roy@example.com','9898765432','78 Palm St, Trivandrum','1989-11-22','davidr','$2a$10$w8B39qUZL4jQ4IfvuO8ojeZQ2fiVhX9aqFOGXpNYDdOSW6UJ6n5J6','Librarian',4),
('Eva George','eva.george@example.com','9786543210','90 Rose Lane, Kochi','1992-09-30','evag','$2a$10$c6pXSNUbtuBqw56xZnSFquiQDZwvXgzmtP3zqz6P7u9yEao6YcnZi','Librarian',5),
('Frank Wilson','frank.wilson@example.com','9754321980','101 Maple St, Thrissur','1985-06-10','frankw','$2a$10$NxPUwbkop.EDa/M3BHcgWecSFwHxoPBKOVg.hivtla3ixgI9w22oS','Admin',6),
('Grace Paul','grace.paul@example.com','9845632109','12 Lotus St, Alappuzha','1997-01-17','gracep','$2a$10$Hr1gXiCKLWNSG4YlAHeFDeMcH2Y1/PNO2SxEmVxt5d9Tof7EUaNMC','Member',7),
('Henry Joseph','henry.joseph@example.com','9832109876','14 Ocean View, Calicut','1994-12-25','henryj','$2a$10$Cpqa9QAVkNoARDd4hTH9guAaKZhQiKecTXgBqqsL3ZoZXWMyE8q8K','Member',8),
('Isabel Dsouza','isabel.dsouza@example.com','9723456123','22 River St, Kottayam','1990-08-19','isabeld','$2a$10$zWqcrIbVZry8Lrrzw4Jb2eKb0YN8jgD4KS/bxEitJXNAcw0xixAla','Librarian',9),
('John Samuel','john.samuel@example.com','9798765412','40 Park Lane, Trivandrum','1988-03-14','johns','$2a$10$TRY/1SLUpajDfe2hCaX80OJTA3u2pi8mQxWVQpuaj4GVUwouS6086','Admin',10),
('Manoj Kumar','manoj@example.com','9811111111','Bengaluru','1996-05-12','manoj','$2a$10$PWbJPO7Dcwl.1ydtipKJj.wM.yGWPaKwo.IiGcTXLncOQgTTbCTHK','Member',11),
('Priya Shah','priya@example.com','9822222222','Surat','1997-08-19','priya','$2a$10$JMw2wdDd8jJikLn/a2OfdOowzCtRcUxYouc0WPqNuzvu6st6Vy1dy','Member',12),
('Suresh Rao','suresh@example.com','9833333333','Hyderabad','1995-11-02','suresh','$2a$10$lfFJFLMBmCdbuXetoznN4OoLx3ppMtihkyZEwrgzYKlDwXsslphO2','Member',13),
('Kiran Patel','kiran@example.com','9844444444','Vadodara','1988-03-22','kiranl','$2a$10$seLcZxgAj/Uadnn3FxPnL.RPaGIrmo3cl0dKWnmpQWDS7hctYjdlK','Librarian',14);

USE bookstack;

INSERT INTO membership_data_table VALUES
('Basic',3,7,1,50,500),
('Premium',7,14,5,300,3000),
('Standard',5,10,2,150,1500);

INSERT INTO member_table VALUES
(1,'Premium','2025-05-01','2026-04-30',0,3),
(2,'Standard','2024-01-01','2024-12-31',0,0),
(3,'Basic','2023-02-01','2024-01-31',0,0),
(7,'Premium','2022-03-01','2023-02-28',0,0),
(8,'Premium','2022-02-01','2023-02-21',0,0),
(11,'Standard','2025-01-01','2025-12-31',0,0),
(12,'Premium','2025-02-01','2026-01-31',0,0),
(13,'Basic','2024-06-01','2025-05-31',0,0);

INSERT INTO staff_table VALUES
(4,35000,'2020-06-15','active'),
(5,40000,'2019-04-10','inactive'),
(9,42000,'2021-09-01','inactive'),
(14,39000,'2022-02-15','active');

insert into book_db.book_table (book_id, isbn, title, author, description, book_image, publisher, action, action_date, number_of_copies, number_of_copies_remaining, created_at, updated_at) values
(1, '9780735211292', 'atomic habits', 'james clear', 'proven framework for building good habits and breaking bad ones through tiny changes.', 'https://covers.openlibrary.org/b/isbn/9780735211292-l.jpg', 'avery publishing', 'created', '2026-02-02', 10, 9, '2026-02-02 07:08:30', '2026-02-02 10:39:41'),
(2, '9781523095131', 'eat that frog!', 'brian tracy', '21 ways to stop procrastinating and get more done by tackling biggest tasks first.', 'https://covers.openlibrary.org/b/isbn/9781523095131-l.jpg', 'berrett-koehler publishers', 'created', '2026-02-02', 10, 10, '2026-02-02 07:08:30', '2026-02-02 09:44:57'),
(3, '9781612680194', 'rich dad poor dad', 'robert t. kiyosaki', 'lessons on financial literacy and building wealth from two dads perspectives.', 'https://covers.openlibrary.org/b/isbn/9781612680194-l.jpg', 'plata publishing', 'created', '2026-02-02', 10, 10, '2026-02-02 07:08:30', '2026-02-02 09:44:57'),
(5, '9781501111105', 'grit', 'angela duckworth', 'science of passion and perseverance as key to success beyond talent.', 'https://covers.openlibrary.org/b/isbn/9781501111105-l.jpg', 'scribner', 'created', '2026-02-02', 10, 10, '2026-02-02 07:08:30', '2026-02-02 09:44:57'),
(6, '9780807014271', 'man''s search for meaning', 'viktor e. frankl', 'psychiatrist draws from holocaust experiences to explore finding purpose in suffering.', 'https://covers.openlibrary.org/b/isbn/9780807014271-l.jpg', 'beacon press', 'created', '2026-02-02', 10, 10, '2026-02-02 07:08:30', '2026-02-02 09:44:57'),
(7, '9780345472328', 'mindset', 'carol s. dweck', 'power of growth mindset versus fixed in achieving potential and resilience.', 'https://covers.openlibrary.org/b/isbn/9780345472328-l.jpg', 'ballantine books', 'created', '2026-02-02', 10, 10, '2026-02-02 07:08:30', '2026-02-02 09:44:57'),
(8, '9780812981605', 'the power of habit', 'charles duhigg', 'why habits exist and how to change them in life and business.', 'https://covers.openlibrary.org/b/isbn/9780812981605-l.jpg', 'random house', 'created', '2026-02-02', 10, 10, '2026-02-02 07:08:30', '2026-02-02 09:44:57'),
(9, '9780671027032', 'how to win friends and influence people', 'dale carnegie', 'timeless techniques for handling people and improving relationships.', 'https://covers.openlibrary.org/b/isbn/9780671027032-l.jpg', 'pocket books', 'created', '2026-02-02', 10, 10, '2026-02-02 07:08:30', '2026-02-02 09:44:57'),
(10, '9781585424337', 'think and grow rich', 'napoleon hill', 'thirteen steps to riches based on interviews with successful people.', 'https://covers.openlibrary.org/b/isbn/9781585424337-l.jpg', 'tarcherperigee', 'created', '2026-02-02', 10, 10, '2026-02-02 07:08:30', '2026-02-02 09:44:57'),
(11, '9780358003329', 'tiny habits', 'bj fogg', 'small changes that change everything by designing habits that stick.', 'https://cdn01.sapnaonline.com/product_media/9780753553237/md_9780753553237.jpg', 'virgin books', 'created', '2026-02-02', 10, 9, '2026-02-02 07:10:11', '2026-02-02 10:39:41'),
(12, '9781473668942', 'the miracle morning', 'hal elrod', 'not-so-obvious secret to transform life before 8 am with s.a.v.e.r.s.', 'https://covers.openlibrary.org/b/isbn/9781473668942-l.jpg', 'hodder & stoughton', 'created', '2026-02-02', 10, 10, '2026-02-02 07:10:11', '2026-02-02 09:44:57'),
(13, '9781455586691', 'deep work', 'cal newport', 'rules for focused success in a distracted world.', 'https://covers.openlibrary.org/b/isbn/9781455586691-l.jpg', 'grand central publishing', 'created', '2026-02-02', 10, 10, '2026-02-02 07:10:11', '2026-02-02 09:44:57'),
(14, '9781885167774', 'the one thing', 'gary keller', 'surprisingly simple truth behind extraordinary results by focusing on the one thing.', 'https://covers.openlibrary.org/b/isbn/9781885167774-l.jpg', 'bard press', 'created', '2026-02-02', 10, 10, '2026-02-02 07:10:11', '2026-02-02 09:44:57'),
(15, '9780804137386', 'essentialism', 'greg mckeown', 'disciplined pursuit of less to achieve more.', 'https://m.media-amazon.com/images/i/61qfksgnwel._ac_uf1000,1000_ql80_.jpg', 'virgin books', 'created', '2026-02-02', 10, 9, '2026-02-02 07:10:11', '2026-02-02 10:39:41'),
(16, '9780307887899', 'can''t hurt me', 'david goggins', 'master your mind and defy the odds with mental toughness.', 'https://covers.openlibrary.org/b/isbn/9781544512280-l.jpg', 'lioncrest publishing', 'created', '2026-02-02', 10, 10, '2026-02-02 07:10:11', '2026-02-02 09:44:57'),
(18, '9781592407330', 'daring greatly', 'bren brown', 'how courage to be vulnerable transforms way we live, love, parent, lead.', 'https://covers.openlibrary.org/b/isbn/9781592407330-l.jpg', 'gotham books', 'created', '2026-02-02', 10, 10, '2026-02-02 07:10:11', '2026-02-02 09:44:57'),
(22, '9781591846441', 'start with why', 'simon sinek', 'people don''t buy what you do; they buy why you do it.', 'https://covers.openlibrary.org/b/isbn/9781591846406-l.jpg', 'portfolio', 'created', '2026-02-02', 10, 10, '2026-02-02 07:10:11', '2026-02-02 09:44:57'),
(23, '9780345816023', '12 rules for life', 'jordan b. peterson', 'antidote to chaos with practical truths from ages of wisdom.', 'https://covers.openlibrary.org/b/isbn/9780345816023-l.jpg', 'random house canada', 'created', '2026-02-02', 10, 10, '2026-02-02 07:10:11', '2026-02-02 09:44:57'),
(24, '9780451205360', 'the richest man in babylon', 'george s. clason', 'timeless parables of financial wisdom from ancient babylon.', 'https://rukminim2.flixcart.com/image/480/640/xif0q/book/c/q/g/the-richest-man-in-babylon-original-imahdtefhmcejazg.jpeg?q=90', 'signet', 'created', '2026-02-02', 10, 10, '2026-02-02 07:10:11', '2026-02-02 09:44:57'),
(25, '9780316010665', 'outliers', 'malcolm gladwell', 'story of success beyond talent through opportunity and practice.', 'https://covers.openlibrary.org/b/isbn/9780316010665-l.jpg', 'back bay books', 'created', '2026-02-02', 10, 10, '2026-02-02 07:10:11', '2026-02-02 09:44:57'),
(26, '9781250067054', 'extreme ownership', 'jocko willink', 'how u.s. navy seals lead and win with leadership strategies.', 'https://m.media-amazon.com/images/s/compressed.photo.goodreads.com/books/1427163007i/23848190.jpg', 'st. martin''s press', 'created', '2026-02-02', 10, 10, '2026-02-02 07:10:11', '2026-02-02 09:44:57'),
(27, '9781501139251', 'shoe dog', 'phil knight', 'memoir of nike founder on risks, failures, triumphs.', 'https://covers.openlibrary.org/b/isbn/9781501139253-l.jpg', 'scribner', 'created', '2026-02-02', 10, 10, '2026-02-02 07:10:11', '2026-02-02 09:44:57'),
(28, '9780804139298', 'zero to one', 'peter thiel', 'notes on startups, or how to build the future.', 'https://covers.openlibrary.org/b/isbn/9780804139298-l.jpg', 'crown business', 'created', '2026-02-02', 10, 10, '2026-02-02 07:10:11', '2026-02-02 09:44:57'),
(29, '9780062317008', 'the alchemist', 'paulo coelho', 'fable about following dreams and omens to treasure.', 'https://covers.openlibrary.org/b/isbn/9780062315007-l.jpg', 'harperone', 'created', '2026-02-02', 10, 10, '2026-02-02 07:10:11', '2026-02-02 09:44:57'),
(30, '9781455570249', 'make your bed', 'admiral william h. mcraven', 'little things that can change your life...and maybe the world.', 'https://m.media-amazon.com/images/i/71pomgzwpil._uf1000,1000_ql80_.jpg', 'grand central publishing', 'created', '2026-02-02', 10, 10, '2026-02-02 07:10:11', '2026-02-02 09:44:57'),
(31, '9780062391243', 'the tools', 'phil stutz', '5 tools to help you find courage, creativity, discipline.', 'https://covers.openlibrary.org/b/isbn/9780812983661-l.jpg', 'a trade paper', 'created', '2026-02-02', 10, 10, '2026-02-02 07:10:11', '2026-02-02 09:44:57'),
(32, '9781591841998', 'the compound effect', 'darren hardy', 'jumpstart your income, life, success with one small change.', 'https://m.media-amazon.com/images/i/610qdsrllyl._ac_uf1000,1000_ql80_.jpg', 'portfolio', 'created', '2026-02-02', 10, 10, '2026-02-02 07:10:11', '2026-02-02 09:44:57'),
(33, '9780967285559', 'the slight edge', 'jeff olson', 'secret to success one tiny improvement at a time.', 'https://m.media-amazon.com/images/i/51nheufhmel._ac_uf1000,1000_ql80_.jpg', 'greenleaf book group', 'created', '2026-02-02', 10, 10, '2026-02-02 07:10:11', '2026-02-02 09:44:57'),
(34, '9781936620300', 'tools of titans', 'timothy ferriss', 'tactics, routines, habits of billionaires, icons, world-class performers.', 'https://covers.openlibrary.org/b/isbn/9781328683786-l.jpg', 'houghton mifflin harcourt', 'created', '2026-02-02', 10, 10, '2026-02-02 07:10:11', '2026-02-02 09:44:57'),
(35, '9780307353139', 'the 4-hour workweek', 'timothy ferriss', 'escape 9-5, live anywhere, join new rich.', 'https://cdn.kobo.com/book-images/fb155151-a57e-4aff-a86f-5090a2f0ed51/1200/1200/false/the-4-hour-workweek-expanded-and-updated.jpg', 'crown', 'created', '2026-02-02', 10, 10, '2026-02-02 07:10:11', '2026-02-02 09:44:57'),
(36, '9780062858629', 'the gifts of imperfection', 'bren brown', 'let go of who you think you''re supposed to be embrace who you are.', 'https://covers.openlibrary.org/b/isbn/9781592858491-l.jpg', 'hazelden publishing', 'created', '2026-02-02', 10, 10, '2026-02-02 07:10:11', '2026-02-02 09:44:57'),
(37, '9781591844812', 'quiet', 'susan cain', 'power of introverts in a world that can''t stop talking.', 'https://covers.openlibrary.org/b/isbn/9780307352156-l.jpg', 'crown', 'created', '2026-02-02', 10, 10, '2026-02-02 07:10:11', '2026-02-02 09:44:57'),
(38, '9780143118626', 'ikigai', 'hctor garca', 'japanese secret to long, happy, purposeful life.', 'https://covers.openlibrary.org/b/isbn/9780143130727-l.jpg', 'penguin books', 'created', '2026-02-02', 10, 10, '2026-02-02 07:10:11', '2026-02-02 09:44:57'),
(39, '9780062457714', 'the subtle art of not giving a f*ck', 'mark manson', 'counterintuitive approach to living a good life.', 'https://covers.openlibrary.org/b/isbn/9780062457714-l.jpg', 'harperone', 'created', '2026-02-02', 10, 10, '2026-02-02 07:10:11', '2026-02-02 09:44:57'),
(40, '9780762447699', 'you are a badass', 'jen sincero', 'how to stop doubting your greatness and start living an awesome life.', 'https://covers.openlibrary.org/b/isbn/9780762447695-l.jpg', 'running press', 'created', '2026-02-02', 10, 10, '2026-02-02 07:10:11', '2026-02-02 09:44:57'),
(41, '9780062962600', 'the mountain is you', 'brianna wiest', 'transforming self-sabotage into self-mastery.', 'https://covers.openlibrary.org/b/isbn/9781949759228-l.jpg', 'brunton publishing', 'created', '2026-02-02', 10, 10, '2026-02-02 07:10:11', '2026-02-02 09:44:57'),
(102, '9780143127741', 'thinking, fast and slow', 'daniel kahneman', 'how we make decisions and the two systems of thought.', 'https://covers.openlibrary.org/b/isbn/9780143127741-l.jpg', 'farrar straus giroux', 'created', '2026-02-02', 12, 12, '2026-02-02 07:25:12', '2026-02-02 09:44:57'),
(103, '9780062409850', 'emotional intelligence', 'daniel goleman', 'why emotional intelligence can matter more than iq.', 'https://covers.openlibrary.org/b/isbn/9780062409850-l.jpg', 'bantam books', 'created', '2026-02-02', 11, 11, '2026-02-02 07:25:12', '2026-02-02 09:44:57'),
(104, '9780141033576', 'influence', 'robert b. cialdini', 'the psychology of persuasion and how it works.', 'https://covers.openlibrary.org/b/isbn/9780141033570-l.jpg', 'harper business', 'created', '2026-02-02', 13, 13, '2026-02-02 07:25:12', '2026-02-02 09:44:57'),
(105, '9780066620992', 'good to great', 'jim collins', 'why some companies make the leap and others dont.', 'https://encrypted-tbn0.gstatic.com/images?q=tbn:and9gcqfkf8huwoz00uq9svjjqyv5awveymoqjl2pq&s', 'harper business', 'created', '2026-02-02', 12, 12, '2026-02-02 07:25:12', '2026-02-02 08:00:45'),
(106, '9780857197689', 'the psychology of money', 'morgan housel', 'timeless lessons on wealth greed and happiness.', 'https://covers.openlibrary.org/b/isbn/9780857197689-l.jpg', 'harriman house', 'created', '2026-02-02', 14, 14, '2026-02-02 07:25:12', '2026-02-02 09:44:57'),
(107, '9780062315007', 'the intelligent investor', 'benjamin graham', 'the definitive book on value investing.', 'https://covers.openlibrary.org/b/isbn/9780062315007-l.jpg', 'harper business', 'created', '2026-02-02', 11, 11, '2026-02-02 07:25:12', '2026-02-02 09:44:57'),
(108, '9781591843535', 'the millionaire next door', 'thomas j. stanley', 'the surprising secrets of americas wealthy.', 'https://covers.openlibrary.org/b/isbn/9781591843535-l.jpg', 'taylor trade publishing', 'created', '2026-02-02', 10, 10, '2026-02-02 07:25:12', '2026-02-02 09:44:57'),
(109, '9781591848066', 'leaders eat last', 'simon sinek', 'why some teams pull together and others dont.', 'https://covers.openlibrary.org/b/isbn/9781591848011-l.jpg', 'portfolio', 'created', '2026-02-02', 12, 12, '2026-02-02 07:25:12', '2026-02-02 09:44:57'),
(110, '9781591846444', 'drive', 'daniel h. pink', 'the surprising truth about what motivates us.', 'https://covers.openlibrary.org/b/isbn/9781594484803-l.jpg', 'riverhead books', 'created', '2026-02-02', 11, 11, '2026-02-02 07:25:12', '2026-02-02 09:44:57'),
(111, '9780143036838', 'so good they cant ignore you', 'cal newport', 'why skills trump passion in quest for work you love.', 'https://covers.openlibrary.org/b/isbn/9780143036838-l.jpg', 'business plus', 'created', '2026-02-02', 10, 10, '2026-02-02 07:25:12', '2026-02-02 09:44:57'),
(112, '9780140449334', 'meditations', 'marcus aurelius', 'stoic philosophy and personal reflections.', 'https://covers.openlibrary.org/b/isbn/9780140449334-l.jpg', 'penguin classics', 'created', '2026-02-02', 11, 11, '2026-02-02 07:25:12', '2026-02-02 09:44:57'),
(113, '9780670921041', 'the four agreements', 'don miguel ruiz', 'a practical guide to personal freedom.', 'https://covers.openlibrary.org/b/isbn/9781878424310-l.jpg', 'amber-allen publishing', 'created', '2026-02-02', 10, 10, '2026-02-02 07:25:12', '2026-02-02 09:44:57'),
(115, '9780307387899', 'sapiens', 'yuval noah harari', 'a brief history of humankind.', 'https://covers.openlibrary.org/b/isbn/9780307387899-l.jpg', 'harper perennial', 'created', '2026-02-02', 15, 15, '2026-02-02 07:25:12', '2026-02-02 09:44:57'),
(116, '9780062316097', 'homo deus', 'yuval noah harari', 'a brief history of tomorrow.', 'https://covers.openlibrary.org/b/isbn/9780062464347-l.jpg', 'harper', 'created', '2026-02-02', 12, 12, '2026-02-02 07:25:12', '2026-02-02 09:44:57'),
(117, '9780553380163', 'a brief history of time', 'stephen hawking', 'from the big bang to black holes.', 'https://covers.openlibrary.org/b/isbn/9780553380163-l.jpg', 'bantam', 'created', '2026-02-02', 10, 10, '2026-02-02 07:25:12', '2026-02-02 09:44:57'),
(118, '9780385348713', 'educated', 'tara westover', 'a memoir of transformation and education.', 'https://covers.openlibrary.org/b/isbn/9780399590504-l.jpg', 'random house', 'created', '2026-02-02', 13, 13, '2026-02-02 07:25:12', '2026-02-02 09:44:57'),
(119, '9780061120084', 'to kill a mockingbird', 'harper lee', 'classic novel about justice and morality.', 'https://covers.openlibrary.org/b/isbn/9780061120084-l.jpg', 'harper perennial', 'created', '2026-02-02', 12, 12, '2026-02-02 07:25:12', '2026-02-02 09:44:57'),
(121, '9780062564603', 'ego is the enemy', 'ryan holiday', 'the fight to master our greatest opponent.', 'https://covers.openlibrary.org/b/isbn/9780062564603-l.jpg', 'portfolio', 'created', '2026-02-02', 11, 11, '2026-02-02 07:43:53', '2026-02-02 09:44:57'),
(122, '9781401956028', 'the universe has your back', 'gabrielle bernstein', 'transform fear to faith.', 'https://covers.openlibrary.org/b/isbn/9781401956028-l.jpg', 'hay house', 'created', '2026-02-02', 10, 10, '2026-02-02 07:43:53', '2026-02-02 09:44:57'),
(123, '9780062273208', 'the 4-hour body', 'timothy ferriss', 'an uncommon guide to rapid fat loss and incredible sex.', 'https://covers.openlibrary.org/b/isbn/9780062273208-l.jpg', 'crown', 'created', '2026-02-02', 10, 10, '2026-02-02 07:43:53', '2026-02-02 09:44:57'),
(124, '9781594634710', 'big magic', 'elizabeth gilbert', 'creative living beyond fear.', 'https://covers.openlibrary.org/b/isbn/9781594634710-l.jpg', 'riverhead books', 'created', '2026-02-02', 11, 11, '2026-02-02 07:43:53', '2026-02-02 09:44:57'),
(223, '9788192910932', 'the power of your subconscious mind', 'joseph murphy', 'harness the power of the subconscious mind to achieve success, health, and peace.', 'https://m.media-amazon.com/images/i/715hgiic2vl._uf1000,1000_ql80_.jpg', 'prentice hall', 'created', '2026-02-02', 10, 10, '2026-02-02 09:06:25', '2026-02-02 09:44:57'),
(224, '9781471195709', 'the 7 habits of highly effective people', 'stephen r. covey', 'principle-centered approach for personal and professional effectiveness.', 'https://bookstech.in/cdn/shop/products/7-habit-bookstech.in_280x.jpg?v=1639237183', 'simon & schuster', 'created', '2026-02-02', 10, 10, '2026-02-02 09:06:25', '2026-02-02 09:44:57'),
(225, '9781443456623', 'the 5 am club', 'robin sharma', 'own your morning, elevate your life through discipline and routine.', 'https://bookstech.in/cdn/shop/products/5-am-club-bookstech.in_280x.jpg?v=1639237192', 'harpercollins', 'created', '2026-02-02', 10, 10, '2026-02-02 09:06:25', '2026-02-02 09:44:57'),
(226, '9780140449136', 'meditations', 'marcus aurelius', 'stoic philosophy on self-control, resilience, and purpose.', 'https://m.media-amazon.com/images/i/71dj09pdrkl._ac_uf1000,1000_ql80_.jpg', 'penguin classics', 'created', '2026-02-02', 10, 10, '2026-02-02 09:06:25', '2026-02-02 09:44:57'),
(227, '9789387944895', 'ikigai', 'hector garcia & francesc miralles', 'japanese philosophy for long life, meaning, and happiness.', 'https://encrypted-tbn0.gstatic.com/images?q=tbn:and9gcqqk8urcnflucrjwkruglm3aa1e7tp7hs_tkc9yztjwdash&s', 'penguin random house', 'created', '2026-02-02', 10, 10, '2026-02-02 09:06:25', '2026-02-02 09:44:57'),
(228, '9781591847813', 'ego is the enemy', 'ryan holiday', 'how ego sabotages success and how humility leads to mastery.', 'https://m.media-amazon.com/images/i/71f8pyfj7rl._ac_uf1000,1000_ql80_.jpg', 'portfolio', 'created', '2026-02-02', 10, 10, '2026-02-02 09:06:25', '2026-02-02 09:44:57'),
(229, '9780132350884', 'clean code', 'robert c. martin', 'best practices for writing clean, maintainable, professional code.', 'https://m.media-amazon.com/images/i/61mdatnimvl._ac_ul320_.jpg', 'prentice hall', 'created', '2026-02-02', 10, 9, '2026-02-02 09:06:25', '2026-02-02 10:39:41'),
(230, '9780134685991', 'effective java', 'joshua bloch', 'best practices and design principles for java developers.', 'https://m.media-amazon.com/images/i/61mfk+-ur5l._ac_ul320_.jpg', 'addison-wesley', 'created', '2026-02-02', 10, 9, '2026-02-02 09:06:25', '2026-02-02 10:39:41'),
(231, '9780201633610', 'design patterns', 'erich gamma et al.', 'reusable solutions to common software design problems.', 'https://m.media-amazon.com/images/i/81lpdi74t2l._ac_ul320_.jpg', 'addison-wesley', 'created', '2026-02-02', 10, 10, '2026-02-02 09:06:25', '2026-02-02 09:44:57'),
(232, '9780131103627', 'the c programming language', 'kernighan & ritchie', 'foundational book for understanding c programming.', 'https://m.media-amazon.com/images/i/71fi+nojacl._ac_ul320_.jpg', 'prentice hall', 'created', '2026-02-02', 10, 10, '2026-02-02 09:06:25', '2026-02-02 09:44:57'),
(233, '9780262033848', 'introduction to algorithms', 'thomas h. cormen', 'comprehensive guide to algorithms used in computer science.', 'https://m.media-amazon.com/images/i/91sao95vzil._ac_ul320_.jpg', 'mit press', 'created', '2026-02-02', 10, 10, '2026-02-02 09:06:25', '2026-02-02 09:44:57'),
(234, '9780747532743', 'harry potter and the philosopher''s stone', 'j.k. rowling', 'a young wizard discovers his magical heritage and begins his journey at hogwarts.', 'https://covers.openlibrary.org/b/isbn/9780747532743-l.jpg', 'bloomsbury', 'created', '2026-02-02', 10, 9, '2026-02-02 09:17:15', '2026-02-02 10:39:41'),
(235, '9780786838653', 'percy jackson & the lightning thief', 'rick riordan', 'a modern boy discovers he is a demigod and must prevent a war among greek gods.', 'https://covers.openlibrary.org/b/isbn/9780786838653-l.jpg', 'disney hyperion', 'created', '2026-02-02', 10, 10, '2026-02-02 09:17:15', '2026-02-02 09:44:57'),
(236, '9781423113393', 'the lost hero', 'rick riordan', 'the beginning of the heroes of olympus saga combining greek and roman mythology.', 'https://covers.openlibrary.org/b/isbn/9781423113393-l.jpg', 'disney hyperion', 'created', '2026-02-02', 10, 10, '2026-02-02 09:17:15', '2026-02-02 09:44:57'),
(237, '9780810993136', 'diary of a wimpy kid', 'jeff kinney', 'a hilarious illustrated diary of middle-school life and misadventures.', 'https://covers.openlibrary.org/b/isbn/9780810993136-l.jpg', 'amulet books', 'created', '2026-02-02', 10, 10, '2026-02-02 09:17:15', '2026-02-02 09:44:57'),
(238, '9780261103344', 'the hobbit', 'j.r.r. tolkien', 'a fantasy adventure that precedes the lord of the rings.', 'https://covers.openlibrary.org/b/isbn/9780261103344-l.jpg', 'harpercollins', 'created', '2026-02-02', 10, 10, '2026-02-02 09:17:15', '2026-02-02 09:44:57'),
(239, '9780261102385', 'the fellowship of the ring', 'j.r.r. tolkien', 'the epic beginning of the quest to destroy the one ring.', 'https://covers.openlibrary.org/b/isbn/9780261102385-l.jpg', 'harpercollins', 'created', '2026-02-02', 10, 10, '2026-02-02 09:17:15', '2026-02-02 09:44:57'),
(240, '9780064471046', 'the lion, the witch and the wardrobe', 'c.s. lewis', 'children enter a magical world ruled by a white witch.', 'https://covers.openlibrary.org/b/isbn/9780064471046-l.jpg', 'harpercollins', 'created', '2026-02-02', 10, 10, '2026-02-02 09:17:15', '2026-02-02 09:44:57'),
(241, '9780439023481', 'the hunger games', 'suzanne collins', 'a dystopian survival story where teenagers fight to the death.', 'https://covers.openlibrary.org/b/isbn/9780439023481-l.jpg', 'scholastic', 'created', '2026-02-02', 10, 10, '2026-02-02 09:17:15', '2026-02-02 09:44:57'),
(242, '9780385737951', 'the maze runner', 'james dashner', 'a group of boys must escape a deadly maze with no memory of the past.', 'https://covers.openlibrary.org/b/isbn/9780385737951-l.jpg', 'delacorte press', 'created', '2026-02-02', 10, 10, '2026-02-02 09:17:15', '2026-02-02 09:44:57'),
(243, '9781423113386', 'the red pyramid', 'rick riordan', 'egyptian mythology comes alive in a fast-paced adventure.', 'https://covers.openlibrary.org/b/isbn/9781423113386-l.jpg', 'disney hyperion', 'created', '2026-02-02', 10, 10, '2026-02-02 09:17:15', '2026-02-02 09:44:57'),
(254, '9780198739838', 'superintelligence: paths, dangers, strategies', 'nick bostrom', 'critical examination of the risks and future of artificial superintelligence.', 'https://covers.openlibrary.org/b/isbn/9780198739838-l.jpg', 'oxford university press', 'created', '2026-02-02', 10, 10, '2026-02-02 10:23:09', '2026-02-02 10:23:09'),
(255, '9781101946596', 'life 3.0: being human in the age of artificial intelligence', 'max tegmark', 'explores how artificial intelligence will reshape life on earth and beyond.', 'https://covers.openlibrary.org/b/isbn/9781101946596-l.jpg', 'knopf', 'created', '2026-02-02', 10, 10, '2026-02-02 10:23:09', '2026-02-02 10:23:09'),
(256, '9780525558637', 'human compatible', 'stuart russell', 'ensuring artificial intelligence remains aligned with human values.', 'https://covers.openlibrary.org/b/isbn/9780525558637-l.jpg', 'viking', 'created', '2026-02-02', 10, 10, '2026-02-02 10:23:09', '2026-02-02 10:23:09'),
(257, '9780553382563', 'i, robot', 'isaac asimov', 'classic stories introducing the three laws of robotics.', 'https://covers.openlibrary.org/b/isbn/9780553382563-l.jpg', 'spectra', 'created', '2026-02-02', 10, 10, '2026-02-02 10:23:09', '2026-02-02 10:23:09'),
(258, '9780441569595', 'neuromancer', 'william gibson', 'cyberpunk classic that defined cyberspace and ai culture.', 'https://covers.openlibrary.org/b/isbn/9780441569595-l.jpg', 'ace', 'created', '2026-02-02', 10, 10, '2026-02-02 10:23:09', '2026-02-02 10:23:09'),
(259, '9781527241404', 'the singularity is coming', 'tony thorne', 'explores the coming intelligence explosion beyond human limits.', 'https://m.media-amazon.com/images/i/61szz-1vuil.jpg', 'independent', 'created', '2026-02-02', 10, 10, '2026-02-02 10:23:09', '2026-02-02 10:29:46'),
(260, '9780553380965', 'the diamond age', 'neal stephenson', 'future shaped by nanotechnology and intelligent systems.', 'https://covers.openlibrary.org/b/isbn/9780553380965-l.jpg', 'bantam', 'created', '2026-02-02', 10, 10, '2026-02-02 10:23:09', '2026-02-02 10:23:09'),
(261, '9780316246620', 'ancillary justice', 'ann leckie', 'ai consciousness explored through a former starship mind.', 'https://covers.openlibrary.org/b/isbn/9780316246620-l.jpg', 'orbit', 'created', '2026-02-02', 10, 10, '2026-02-02 10:23:09', '2026-02-02 10:23:09'),
(262, '9780385534758', 'robopocalypse', 'daniel h. wilson', 'global war triggered by a sentient artificial intelligence.', 'https://covers.openlibrary.org/b/isbn/9780385534758-l.jpg', 'doubleday', 'created', '2026-02-02', 10, 10, '2026-02-02 10:23:09', '2026-02-02 10:23:09'),
(263, '9789387944901', 'compassionate artificial superintelligence ai 5.0', 'amit ray', 'ethics, compassion, and spirituality in advanced ai systems.', 'https://m.media-amazon.com/images/i/61od+2le9xl._ac_uf1000,1000_ql80_.jpg', 'inner light publishers', 'created', '2026-02-02', 10, 10, '2026-02-02 10:23:09', '2026-02-02 10:29:46'),
(264, '9780262510875', 'structure and interpretation of computer programs', 'harold abelson', 'foundational text on programming and computational thinking.', 'https://covers.openlibrary.org/b/isbn/9780262510875-l.jpg', 'mit press', 'created', '2026-02-02', 10, 10, '2026-02-02 10:23:09', '2026-02-02 10:23:09'),
(265, '9780201896831', 'the art of computer programming', 'donald knuth', 'legendary multi-volume work on algorithms and computation.', 'https://covers.openlibrary.org/b/isbn/9780201896831-l.jpg', 'addison-wesley', 'created', '2026-02-02', 10, 10, '2026-02-02 10:23:09', '2026-02-02 10:23:09'),
(266, '9780201616224', 'the pragmatic programmer', 'andy hunt & dave thomas', 'timeless principles for software craftsmanship.', 'https://covers.openlibrary.org/b/isbn/9780201616224-l.jpg', 'addison-wesley', 'created', '2026-02-02', 10, 10, '2026-02-02 10:23:09', '2026-02-02 10:23:09'),
(267, '9780735619678', 'code complete', 'steve mcconnell', 'comprehensive guide to writing high-quality software.', 'https://covers.openlibrary.org/b/isbn/9780735619678-l.jpg', 'microsoft press', 'created', '2026-02-02', 10, 10, '2026-02-02 10:23:09', '2026-02-02 10:23:09'),
(268, '9780262528801', 'algorithms unlocked', 'thomas h. cormen', 'gentle introduction to algorithms for beginners.', 'https://encrypted-tbn0.gstatic.com/images?q=tbn:and9gcravrmxtclxuq55onguyi9gkibbrknpggbevg&s', 'mit press', 'created', '2026-02-02', 10, 10, '2026-02-02 10:23:09', '2026-02-02 10:29:47'),
(269, '9789351197548', 'problem solving in data structures & algorithms using python', 'hemant jain', 'interview-focused dsa problems with python implementations.', 'https://m.media-amazon.com/images/i/71ukojqvswl._ac_uf1000,1000_ql80_.jpg', 'bpb publications', 'created', '2026-02-02', 10, 10, '2026-02-02 10:23:09', '2026-02-02 10:29:47'),
(270, '9780465026562', 'gdel, escher, bach', 'douglas hofstadter', 'explores intelligence, recursion, and consciousness.', 'https://covers.openlibrary.org/b/isbn/9780465026562-l.jpg', 'basic books', 'created', '2026-02-02', 10, 10, '2026-02-02 10:23:09', '2026-02-02 10:23:09'),
(271, '9781451648539', 'steve jobs', 'walter isaacson', 'biography of the visionary behind apple and modern tech.', 'https://covers.openlibrary.org/b/isbn/9781451648539-l.jpg', 'simon & schuster', 'created', '2026-02-02', 10, 10, '2026-02-02 10:23:09', '2026-02-02 10:23:09'),
(274, '9781984878106', 'think again', 'adam grant', 'the power of knowing what you dont know and rethinking beliefs, opinions, and assumptions.', 'https://m.media-amazon.com/images/i/71dj09pdrkl._ac_uf1000,1000_ql80_.jpg', 'viking', 'created', '2026-02-02', 10, 10, '2026-02-02 10:31:53', '2026-02-02 10:31:53');

USE bookstack;

INSERT INTO genre_table (genre_id,genre_name) VALUES
(1,'Fiction'),
(2,'Non-Fiction'),
(3,'Fantasy'),
(4,'Science Fiction'),
(5,'Self-Help'),
(6,'Biography & Memoir'),
(7,'Business & Economics'),
(8,'Philosophy'),
(9,'History'),
(10,'Programming & Technology'),
(11,'Science'),
(12,'Psychology');

INSERT INTO book_genre (book_id,genre_id) VALUES
(119,1),(234,1),(235,1),(237,1),(238,1),(239,1),(241,1),(242,1),
(236,3),(240,3),(242,3),(243,3),
(1,5),(2,5),(5,5),(7,5),(11,5),(13,5),(14,5),(15,5),(16,5),(30,5),(39,5),(40,5),(41,5),
(3,7),(10,7),(22,7),(24,7),(26,7),(28,7),(105,7),(106,7),(107,7),(108,7),(109,7),
(29,8),(112,8),(226,8),
(115,9),(116,9),
(229,10),(230,10),(231,10),(232,10),(233,10),
(117,11),
(18,12),(23,12),(37,12),(39,12),(102,12),(103,12),(104,12),(110,12);

INSERT INTO record_table (member_id,staff_id,record_id,date) VALUES
(1,4,9,'2026-02-05'),
(2,5,10,'2026-02-06'),
(8,14,11,'2026-02-07'),
(11,4,12,'2026-02-08'),
(12,5,13,'2026-02-09'),
(1,4,14,'2026-02-05'),
(2,5,15,'2026-02-06'),
(8,14,16,'2026-02-07'),
(11,4,17,'2026-02-08'),
(12,5,18,'2026-02-09');

INSERT INTO record_detail_table
(record_detail_id,record_id,book_id,status,total_copies,due_date,returned) VALUES
(24,9,1,'Rent',1,'2026-02-19',1),
(25,14,1,'Rent',1,'2026-02-19',0),
(26,9,11,'Rent',1,'2026-02-19',1),
(27,14,11,'Rent',1,'2026-02-19',0),
(28,10,15,'Rent',1,'2026-02-20',1),
(29,15,15,'Rent',1,'2026-02-20',0),
(30,11,229,'Rent',1,'2026-02-21',1),
(31,16,229,'Rent',1,'2026-02-21',0),
(32,12,230,'Rent',1,'2026-02-22',1),
(33,17,230,'Rent',1,'2026-02-22',0),
(34,13,234,'Rent',1,'2026-02-23',1),
(35,18,234,'Rent',1,'2026-02-23',0);

INSERT INTO member_book_table VALUES
(1,1,1),
(1,11,1),
(2,15,1),
(8,229,1),
(11,230,1),
(12,234,1);

INSERT INTO book_like (book_id,user_id) VALUES
(1,1),(1,2),(1,3),(1,7),(1,8),(1,11),(1,12),
(11,1),(11,2),(11,3),(11,7),(11,8),(11,12),
(15,1),(15,2),(15,3),(15,7),(15,8),
(229,1),(229,3),(229,11),(229,12),
(230,1),(230,3),(230,8),(230,12),
(234,1),(234,2),(234,3),(234,7),(234,8),
(235,2),
(238,1),(238,3),(238,7),(238,8),
(259,1),(259,11),
(263,1),(263,12),
(268,1),(268,11);

INSERT INTO book_rating (book_id,user_id,rating,rating_date) VALUES
(1,1,5,'2026-02-02 09:46:37'),
(1,2,4,'2026-02-02 09:46:37'),
(11,1,5,'2026-02-02 09:46:37'),
(11,2,4,'2026-02-02 09:46:37'),
(15,1,5,'2026-02-02 09:46:37'),
(229,11,5,'2026-02-02 09:46:37'),
(230,12,4,'2026-02-02 09:46:37'),
(234,1,5,'2026-02-02 09:46:37'),
(238,3,5,'2026-02-02 09:46:37'),
(1,3,5,'2026-02-02 10:43:31'),
(1,7,4,'2026-02-02 10:43:31'),
(11,3,5,'2026-02-02 10:43:31'),
(11,7,4,'2026-02-02 10:43:31'),
(15,3,4,'2026-02-02 10:43:31'),
(15,7,5,'2026-02-02 10:43:31'),
(229,3,5,'2026-02-02 10:43:31'),
(229,12,5,'2026-02-02 10:43:31'),
(230,3,4,'2026-02-02 10:43:31'),
(230,8,5,'2026-02-02 10:43:31'),
(234,2,5,'2026-02-02 10:43:31'),
(234,7,5,'2026-02-02 10:43:31'),
(238,7,5,'2026-02-02 10:43:31'),
(259,11,4,'2026-02-02 10:43:31'),
(263,12,5,'2026-02-02 10:43:31'),
(268,11,4,'2026-02-02 10:43:31');

INSERT INTO book_comment (book_id,user_id,comment,comment_date) VALUES
(11,1,'Every developer must read this book.','2026-02-02 09:46:49'),
(15,2,'Simple but powerful principles.','2026-02-02 09:46:49'),
(234,1,'A magical start to a legendary series.','2026-02-02 09:46:49'),
(238,3,'Timeless fantasy adventure.','2026-02-02 09:46:49'),
(1,1,'Great book','2026-02-02 10:05:17'),
(11,8,'Clean code essential','2026-02-02 10:05:17'),
(1,3,'Very practical and easy to apply.','2026-02-02 10:43:44'),
(1,7,'Helped me build better routines.','2026-02-02 10:43:44'),
(11,3,'Great perspective on habit building.','2026-02-02 10:43:44'),
(11,7,'Simple ideas that actually work.','2026-02-02 10:43:44'),
(15,3,'Changed how I prioritize my work.','2026-02-02 10:43:44'),
(15,7,'Made me focus on what truly matters.','2026-02-02 10:43:44'),
(229,3,'A must-read for serious developers.','2026-02-02 10:43:44'),
(229,12,'Improved my coding standards.','2026-02-02 10:43:44'),
(230,3,'Every Java developer should own this.','2026-02-02 10:43:44'),
(230,8,'Clear explanations with best practices.','2026-02-02 10:43:44'),
(234,7,'Still magical after all these years.','2026-02-02 10:43:44'),
(234,3,'Perfect start to the series.','2026-02-02 10:43:44'),
(238,7,'A timeless fantasy classic.','2026-02-02 10:43:44'),
(259,11,'Interesting take on future AI.','2026-02-02 10:43:44'),
(263,12,'Unique blend of AI and ethics.','2026-02-02 10:43:44'),
(268,11,'Good introduction to algorithms.','2026-02-02 10:43:44');

